num,title,artist,youtube
03,Petar-ho,Oques Grasses,https://www.youtube.com/watch?v=8MhPSHoBwfk
05,Sta Guai,Oques Grasses,https://www.youtube.com/watch?v=M54wAeeE4X0
13,Elefants,Oques Grasses,https://www.youtube.com/watch?v=YVXaSiroAA8
08,Bancals,Oques Grasses,https://www.youtube.com/watch?v=vJAzsOHHSnQ
06,Com està el pati,Oques Grasses,https://www.youtube.com/watch?v=mDa6tvbnZsQ
07,John Brown,Oques Grasses,https://www.youtube.com/watch?v=1Pmss-5qb5o
09,Cul,Oques Grasses,https://www.youtube.com/watch?v=6fBuSPGxjwQ
11,Passos importants,Oques Grasses,https://www.youtube.com/watch?v=C9O1NvoWbrA
02,Bambi,Oques Grasses,https://www.youtube.com/watch?v=Xh8W8pSs7t8
01,Molta tralla,Oques Grasses,https://www.youtube.com/watch?v=ljMiXbl5Mrk
14,Com el dia i la nit,Oques Grasses,https://www.youtube.com/watch?v=F8QeWZKMp0U
19,Cap amunt,Oques Grasses,https://www.youtube.com/watch?v=i5MLJMobBRc
20,In the Night,Oques Grasses,https://www.youtube.com/watch?v=65elkzrfwJ0
21,Bye bye,Oques Grasses,https://www.youtube.com/watch?v=-2SxzSAwabM
17,Serem ocells,Oques Grasses,https://www.youtube.com/watch?v=NrpRoMeQsp8
23,Torno a ser jo,Oques Grasses,https://www.youtube.com/watch?v=BBRyWDQmCXw
24,La gent que estimo,Oques Grasses,https://www.youtube.com/watch?v=yGO3UPPuVKs
12,Sort de tu,Oques Grasses,https://www.youtube.com/watch?v=cyQz_HDm-Is
